{
  "customer_dashboard_n1": 3.8945674896240234,
  "admin_summary_separate": 10.563850402832031,
  "professional_search_unoptimized": 7.830619812011719,
  "service_history_n1": 9.137153625488281,
  "rating_calculation_inefficient": 8.40616226196289,
  "timestamp": "2025-07-02T17:12:10.797244"
}