{
  "avg_response_time": 25.57108799616496,
  "total_requests": 12,
  "total_time": 306.8530559539795,
  "grade": "EXCELLENT",
  "timestamp": 1751454495.1889393
}