{
  "customer_dashboard_optimized": 10.225057601928711,
  "admin_summary_optimized": 1.7066001892089844,
  "professional_search_optimized": 4.763603210449219,
  "service_history_optimized": 6.489992141723633,
  "rating_calculation_optimized": 4.432916641235352,
  "timestamp": "2025-07-02T17:12:11.363626"
}